MSE,MAE,R2_Score,MAPE,평균_실제값,평균_예측값
36.11611008422295,5.884369662650971,-195.73321808973344,10.4797822115929,56.21590455958675,62.100273
