MSE,MAE,RMSE,R²
0.0008369168817655325,0.022305837786139503,0.028929515754079475,0.9799511916996997
